{"cash": 99948.51, "equity": 51.35128005, "total_value": 99999.89, "timestamp": "2025-05-12 12:28:00.269213-04:00"}