{"cash": 99958.81, "equity": 41.05794588, "total_value": 99999.91, "timestamp": "2025-05-12 12:26:00.357759-04:00"}